ASIN,LPN,UPC,Description,Brand,Model,Color,Qty,Retail Price,Total Retail Price
B0F18FKLWM,,6.3761E+11,"Korgl®12x12x2inch | Sound Proof Foam Panels For Walls | Egg Crate Shape with Double-Sided Adhesive Tape, Sound Absorbing Acoustic Panels, High Density Acoustic Foam Wall Panels (6 Pack / 2"")",KORGL,,,21,$40.99 ,$860.79 
B0B3YCPH9J,,7.5351E+11,"EcoPro Trumpet/Cornet Care and Cleaning Kit | USA-Based and Veteran-Owned Green and Environmentally Friendly | Valve Oil Slide Grease Mouthpiece, Brush Microfiber Polishing Cloth",Monster Oil,,,39,$19.95 ,$778.05 
B08V55KDRG,,0,"Sondery Guitar Hanger Wall Mount, Auto Lock and Adjustable Hook Holder for Acoustic and Electric Guitar, Ukulele, Bass, Banjo and Mandolin (W 2 PACK)",Sondery,,W 2,6,$50.00 ,$300.00 
B0BG82F47P,,7.41366E+11,"Electronic Drum Set - YUOIOYU Electric Drum Set Roll Up Potable Drum Kit MIDI Practice Drum Pad with Dual Built-in Speaker, Drum Sticks and Pedals,Christmas Birthday Gift for Kids Adult Color-1",YUOIOYU,,Color-1,4,$59.99 ,$239.96 
B0DGG611KC,,0,"SAPHUE 4R Opened Electric Bass Guitar Tuning Pegs,1:24 Ratio Open Gear Tuning Key Pegs Machine Heads Tuners for Bass for Jazz Precision P Bass Replacement Swhmc Bass Tuning Pegs (Black, 4R)",SAPHUE,,Black,6,$29.99 ,$179.94 
B0CDRZ9P5R,,0,"7 Rolls Violin Fingerboard Tapes, Violin Finger Guide Stickers, 216ft Cello Positions Practising Fingering Tape for Beginners Fretboard Note Positions. (7 Colors)",iHMeiju,,"black, white, red, green, blue, ",22,$5.72 ,$125.84 
B0CZD531YG,,7.51391E+11,"Karaoke Machine, Portable Bluetooth Speaker with 2 Wireless Microphones for Adults & Kids with Lights, Karaoke Microphone with PA System Supports USB/TF/AUX for Home Party, Gifts for Women Men Teen",LILUOSUO,NR-8806,Black or White,1,$119.99 ,$119.99 
B0CF163F52,,0,"AARVI Kalimba Thumb Piano 17 Keys, Portable Mbira Finger Piano Gifts for Kids and Adults Beginners (yellow)",AARVI,,yellow,3,$25.99 ,$77.97 
B0CCHRTZFL,,6.16944E+11,"Pipe Insulation Foam Tube - 1-5/8"" Foam Tubing for AC Unit, Guitar Stands, Exercise Machine Handle and Roof Rack",CZXNBI,Pipe Insulation Foam Tube,Black,5,$12.99 ,$64.95 
B0B3XBBC9R,,0,"SAPHUE 3L3R Guitar tuner pegs,Straight Sealed-gear Guitar Sealed Fan-shaped Tuning Pegs Tuner Machine Heads for Acoustic Electric Guitar Guitar Parts (Black)",SAPHUE,,Black,4,$15.99 ,$63.96 
B089KGDN9N,,7.19034E+11,SAPHUE US Dream Guitar Effects Pedal Distortion Effect Pedals Volume/Dist/Tone Knob with Steel Metal Shell Mini Single Type Dc 9V with True Bypass Switch for Multi Electric Guitar Kit,SAPHUE,,Purple,4,$12.44 ,$49.76 
B0CP7LPF4J,,7.98044E+11,"Mini Karaoke Machine for Kids,Portable Bluetooth Speaker with Wireless Karaoke Microphone,Music Toys Christmas Birthday Gifts for Girls & Boys 4-12 Year Old (Beige, 1 mic)",Uluck,1+1 Beige,Beige,2,$21.99 ,$43.98 
B0C9Q69YGZ,,0,SAPHUE Guitar Locking Tuners 1:18 Lock String Tuning Key Pegs Machine Head with Hexagonal Handle Replacement for Electric Folk or Acoustic Guitars (Chrome),SAPHUE,Guitar Locking Tuners,chrome,1,$39.99 ,$39.99 
B0CT8GZQGJ,,7.83971E+11,"Korgl®12x12x2inch | Sound Proof Foam Panels For Walls | Egg Crate Shape with Double-Sided Adhesive Tape, Sound Absorbing Acoustic Panels, High Density Acoustic Foam Wall Panels (18 Pack / 1"")",KORGL,,,1,$39.99 ,$39.99 
B0D97ZWFJK,,0,"SAPHUE Pro Brass Full Metric Size Push Push Guitar Pots Audio Taper A500K Potentiometers for Electric Guitar, 4 Tone (A500K)",SAPHUE,,,1,$39.99 ,$39.99 
B0CLC9XS4C,,0,SAPHUE Adjustable Metal Double Coil Electric Guitar Pickups Humbucker Punk Neck/Bridge Pickup (Orange),SAPHUE,,Orange,2,$19.99 ,$39.98 
B0BWXX2QL2,,7.68461E+11,Disco Party Lights baiamser Metal Shell Sound Activated DJ Strobe Stage Lights with Remote Control for Birthday Wedding Dance Club Bar Parties,baiamser,‎TC-7007-3,White,1,$35.99 ,$35.99 
B093L45BYS,,7.11049E+11,"Mooson Universal Upright Piano Cover - Light Luxury, Soft Touch, Glossy, Thick With Star Champagne Lace, High-end, Simple and Beautiful (Black)",N\C,,black,1,$30.00 ,$30.00 
B0B2PP7JH7,,0,SAPHUE Alnico 5 Electric Guitar Pickup Humbucker Double Coil Pickup Alnico V Guitar parts White,SAPHUE,,White,1,$23.99 ,$23.99 
B0C9QK1RMJ,,6.16944E+11,"Pipe Insulation Foam Tube - 6FT 1-1/8"" Foam Tubing for AC Unit, Guitar Stands, Exercise Machine Handle and Roof Rack",CZXNBI,CZ2301,Black,2,$11.99 ,$23.98 
B0CJ2CFHJR,,0,SAPHUE Dual Humbucker Single-Coil-Sized Guitar Humbucker Pickup Fit Fender Strat Squier Tele Electric Guitar (Ivory),SAPHUE,,Ivory,1,$19.99 ,$19.99 
B0CVQFX7VF,,0,"URSA MiniMount. Slim, Low-Profile and Made from Hardened Plastic. Hand-Finished for Smoothness. Includes 5x Hypoallergenic MiniMount Stickies (White, Sennheiser MKE1)",URSA Straps,,White,1,$18.99 ,$18.99 
B0CJBD3VJH,,7.91137E+11,"HUHANGGod Dual 90Degree Winkel Großer 8-Pin Din Stecker Zum männlichen Lautsprecher Audio Kabel, 2 X 90Degree Din 8-Pin Verlängerungskabel für Bang und Olufsen B&O PowerLink BeoLab (50 cm)",HUHANGGod,,Black,2,$8.99 ,$17.98 
B07V9JSKQD,,8.18707E+11,"Cable Matters Unbalanced 3.5mm to XLR Cable - 10ft, Male to Female, 1/8 Inch to XLR Cable",Cable Matters,,Black,1,$16.99 ,$16.99 
B0872VTPQM,,6.43739E+11,Dopro Bass Pickguard Fit for Musicman classic 4 string StingRay bass models Blue Pearl,Dopro,K1460,Blue Pearl,1,$15.99 ,$15.99 
B0BDQN7M5Y,,0,"SAPHUE 42MM Guitar Tremolo Bridge Locking Nut 1-11/16""for Floyd Rose Style Electric Guitar Tremolo Bridge Lock System (Black)",SAPHUE,,Black,2,$6.99 ,$13.98 
B0D3V7BTR9,,0,"MECCANIXITY 10Pcs Guitar 3 Way Pickup Switch Tip M3.5 Plastic Toggle Switch Knobs for LP Electric Guitar, Orange",MECCANIXITY,,Orange,1,$11.69 ,$11.69 
B0CGPM5NNF,,7.91137E+11,"HUHANGGod DIN MIDI 8 Pin Cable, 1.5 Meter, Black, Male-to-Female, 8 Pins, Indoor Use, Audio Cable, Compatible with B&O Speaker Systems, Connects to BeoLab Speakers",HUHANGGod,,Black,1,$9.99 ,$9.99 
B0DHVN1HXG,,0,"Dopro Vintage Size Guitar Tuner Bushings 1/4"" Vintage Tuning Keys Tuning Machines Ferrules for vintage Strat/Tele/Les Paul guitars 6.2mm(I.D.)* 8.3mm(O.D.) Original Brass",Dopro,,Original Brass,1,$8.99 ,$8.99 
B0F9FNYPJV,,0,13 Pcs Ukulele Chord Chart Cheat Sheets with Ukulele 2 Scale Stickers and 10 Felt Ficks Expand Uke Playing Quickly for Beginners and Intermediate Players,WLLHYF,652658_1Ukulele Chord Chart Cheat Sheets,"black, white",1,$8.99 ,$8.99 
B0FG3B4ZJN,,0,"Guitar String Cleaner, 2 Pcs Fret Floss for Guitar, Musical Instrument Care (Green)",ValueBargain,,,1,$8.99 ,$8.99 
B0BDZXRP29,,0,"MICMXMO Car Microphone 2.5mm External Assembly Mic for Car Vehicle Head Unit Enabled Audio Stereo Radio Receiver GPS DVD, 3m Cable, Plug and Play",MICMXMO,CAR MICROPHONE 2.5MM,,1,$7.99 ,$7.99 
B0CRQBRMCP,,0,"Seadream 90 Degree Right Angle 1/4 Inch Instrument Cable 6.35mm Right Angled Mono Jack TS Speaker Cable;6.35mm Mono Jack 1/4"" TS Cable Unbalanced Guitar Patch Cords Male to Male Cable",Seadream,,Black,1,$7.99 ,$7.99 
B0C13QKZJL,,0,"myezfit Foam Microphone Windscreen Mic Covers 6mm Inner Circular Mini Mic Protective Covers for Small Lapel and Headset Microphone,Hole Ear-Hook Headset Microphone",myezfit,,Black,1,$7.88 ,$7.88 
B07169SDXV,,7.19034E+11,GETMusic Active Bass Guitar Pickup 9V Battery Boxs/Holder/Case/Compartment Cover With Metal Contacts Spring And 2 Pin Plug with Cable (With Spring Contact),SAPHUE,,With Spring Contact,1,$6.54 ,$6.54 
B0DZHL9FJX,,0,"Soundspire 1Pcs Quadrilateral Drum Tuner, Stainless Steel Drum Tuning Tool with Keychain Hole, Universal for Acoustic/Electronic Drum Kits",SoundSpire,D250347,silver,1,$6.49 ,$6.49 
B0F8QHY4NR,,0,"6 Pcs Guitar Strap Button Locks, Guitar-Strap Lock Pins Metal Guitars-Strap Pins Accessories for Guitar Bass Ukulele",Alrhso,,,1,$6.00 ,$6.00 
B0D631SMJY,,0,"18 Piece Acoustic Guitar Bridge Pins, Guitar Accessories Kit, With Pins Pegs Bridge Pin Puller Remover & Guitar Bridge Saddle Nut, Lvory & Black",Quadafy,521280,Lvory & Black,1,$4.99 ,$4.99 
B0CP948B47,,0,Mic Windshield Pop Filter Wind Muff For Rode Wireless Go 2 Dual Channel Wireless System Outside Dead Cat Windscreen Designed For Rode Wireless Go II - Rode Go 2 Mic Accessories (Black and White),VIERYCIY,,Black and White,1,$4.90 ,$4.90 
,,,,,,,148,,"$3,384.45 "
